{"minzoom":0,"maxzoom":9,"center":[50.312992,26.11556,9.0],"bounds":[50.312992,25.571657,50.900036,26.422892]}